model,dataset,f1-score,training_time
CatBoostModel,impute_standard,0.9368770764119602,0.2259762287139892
CatBoostModel,mean_standard,0.9368770764119602,0.488041877746582
RandomForestModel,impute_standard,0.9368770764119602,0.5105118751525879
XGBoostModel,mean_standard,0.94,0.0966248512268066
