{
    "dataset": "impute_standard",
    "model": "VotingModel",
    "hyperparameter_search": {
        "best_params": {
            "lr_C": 9.481482537635149,
            "lr_max_iter": 800,
            "gnb_var_smoothing": 0.0003051656793159777,
            "qda_reg_param": 0.46140483948688776,
            "voting_weight_lr": 0.8654229468138025,
            "voting_weight_gnb": 1.5687891740174467,
            "voting_weight_qda": 1.5883161712989806,
            "voting": "soft"
        },
        "best_score": 0.7654762132282716,
        "trials": [
            {
                "params": {
                    "voting": "soft",
                    "weights": [
                        0.39643541684062933,
                        0.39638958863878504,
                        0.21035886311957896
                    ],
                    "lr_params": {
                        "C": 0.0745934328572655,
                        "max_iter": 2000
                    },
                    "gnb_params": {
                        "var_smoothing": 2.4658329458549116e-05
                    },
                    "qda_params": {
                        "reg_param": 0.5986584841970366
                    }
                },
                "mean_score": 0.7603759969333974,
                "std_score": 0.02571953489392172,
                "status": "success"
            },
            {
                "params": {
                    "voting": "soft",
                    "weights": [
                        1.9428287191077893,
                        1.6816410175208014,
                        0.5034443102887247
                    ],
                    "lr_params": {
                        "C": 21.42302175774105,
                        "max_iter": 1300
                    },
                    "gnb_params": {
                        "var_smoothing": 1.7718847354806827e-05
                    },
                    "qda_params": {
                        "reg_param": 0.020584494295802447
                    }
                },
                "mean_score": 0.7525027257565571,
                "std_score": 0.02260359659645495,
                "status": "success"
            },
            {
                "params": {
                    "voting": "soft",
                    "weights": [
                        1.262520499972521,
                        0.3650383352388795,
                        0.6550748322169144
                    ],
                    "lr_params": {
                        "C": 0.033205591037519584,
                        "max_iter": 1100
                    },
                    "gnb_params": {
                        "var_smoothing": 3.9054412752107894e-07
                    },
                    "qda_params": {
                        "reg_param": 0.2912291401980419
                    }
                },
                "mean_score": 0.7555060721914435,
                "std_score": 0.026424368462569795,
                "status": "success"
            },
            {
                "params": {
                    "voting": "soft",
                    "weights": [
                        0.18825578416799568,
                        1.254335218612733,
                        0.4239958350058539
                    ],
                    "lr_params": {
                        "C": 8.43101393208247,
                        "max_iter": 400
                    },
                    "gnb_params": {
                        "var_smoothing": 1.2173252504194038e-06
                    },
                    "qda_params": {
                        "reg_param": 0.5924145688620425
                    }
                },
                "mean_score": 0.7258864663805655,
                "std_score": 0.027952717396932728,
                "status": "success"
            },
            {
                "params": {
                    "voting": "hard",
                    "weights": [
                        1.400042750373098,
                        0.9362897381052424,
                        0.3318726462050797
                    ],
                    "lr_params": {
                        "C": 67.32248920775338,
                        "max_iter": 1700
                    },
                    "gnb_params": {
                        "var_smoothing": 6.724850206557255e-08
                    },
                    "qda_params": {
                        "reg_param": 0.09767211400638387
                    }
                },
                "mean_score": 0.7616532659676573,
                "std_score": 0.02440665287365108,
                "status": "success"
            },
            {
                "params": {
                    "voting": "hard",
                    "weights": [
                        1.0881292402378406,
                        1.1387495307522313,
                        0.45122346549850134
                    ],
                    "lr_params": {
                        "C": 35.20481045526041,
                        "max_iter": 600
                    },
                    "gnb_params": {
                        "var_smoothing": 9.443515687962678e-06
                    },
                    "qda_params": {
                        "reg_param": 0.31171107608941095
                    }
                },
                "mean_score": 0.7619926706232858,
                "std_score": 0.021406895326452048,
                "status": "success"
            },
            {
                "params": {
                    "voting": "soft",
                    "weights": [
                        0.2681357538986471,
                        0.47236743859637587,
                        0.18593184893002235
                    ],
                    "lr_params": {
                        "C": 49.830438374949125,
                        "max_iter": 1800
                    },
                    "gnb_params": {
                        "var_smoothing": 3.867228849117746e-06
                    },
                    "qda_params": {
                        "reg_param": 0.9218742350231168
                    }
                },
                "mean_score": 0.7533444769480923,
                "std_score": 0.02347214513726599,
                "status": "success"
            },
            {
                "params": {
                    "voting": "soft",
                    "weights": [
                        1.131122558000672,
                        0.36775602745204905,
                        1.6241742634326755
                    ],
                    "lr_params": {
                        "C": 0.022737628102536857,
                        "max_iter": 1700
                    },
                    "gnb_params": {
                        "var_smoothing": 1.382037922863702e-07
                    },
                    "qda_params": {
                        "reg_param": 0.28093450968738076
                    }
                },
                "mean_score": 0.7426966094784634,
                "std_score": 0.028700595783802872,
                "status": "success"
            },
            {
                "params": {
                    "voting": "soft",
                    "weights": [
                        1.4430289533104725,
                        1.485113619277876,
                        1.565413658703297
                    ],
                    "lr_params": {
                        "C": 7.264803074826735,
                        "max_iter": 400
                    },
                    "gnb_params": {
                        "var_smoothing": 1.0792764548678474e-09
                    },
                    "qda_params": {
                        "reg_param": 0.8154614284548342
                    }
                },
                "mean_score": 0.7633482540907945,
                "std_score": 0.025030525272686194,